feature,weight
month > 8.00,-0.04408408067723538
1872.85 < temp_humidity_interaction <= 2240.00,-0.03800731513734268
0.08 < no2 <= 12.85,-0.024495721817326895
0.38 < so2 <= 4.85,-0.022278006411750484
85.00 < co <= 505.20,-0.010810678106222358
27.90 < temperature <= 29.90,0.014848567198089118
3.00 < day_of_week <= 5.00,0.024526429190424578
pm10 > 169.80,0.037677592624192215
0.44 < pm25_pm10_ratio <= 0.70,0.0419878253120518
59.04 < o3 <= 77.56,0.04404679060008869
