feature,weight
1872.85 < temp_humidity_interaction <= 2248.10,-0.044818205274329816
month > 8.00,-0.04077975120088354
0.00 < no <= 6.67,-0.016108679877801787
0.88 < nh3 <= 18.84,0.012587102778709142
2.06 < so2 <= 23.94,0.013410013790182201
34.23 < pm2_5 <= 110.16,0.013504213331113495
2.12 < no2 <= 49.14,0.023419844627333156
humidity > 77.00,0.027863068793361076
0.42 < pm25_pm10_ratio <= 0.70,0.052272243067905
216.53 < co <= 1828.52,0.08238024923807724
